date,Mkt-RF,SMB,HML,RF
1963-07-31,-0.004037,-0.004712,-0.008504,0.002643
1963-08-31,0.050919,-0.007408,0.015473,0.002423
1963-09-30,-0.01577,-0.004145,0.000667,0.002804
1963-10-31,0.025173,-0.013304,0.000174,0.002994
1963-11-30,-0.008503,-0.008932,0.017984,0.002703
1963-12-31,0.018303,-0.018419,-0.00214,0.002944
1964-01-31,0.02212,0.000625,0.016706,0.002864
1964-02-29,0.015524,0.00299,0.028002,0.002663
1964-03-31,0.014193,0.013446,0.032626,0.003155
1964-04-30,0.001184,-0.015128,-0.00493,0.002864
1964-05-31,0.014545,-0.006818,0.019123,0.002603
1964-06-30,0.012529,0.000879,0.006971,0.003085
1964-07-31,0.017511,0.004992,0.006883,0.002864
1964-08-31,-0.014517,0.003169,-0.00074,0.002734
1964-09-30,0.026955,-0.003411,0.014443,0.002734
1964-10-31,0.006047,0.009102,0.011516,0.002864
1964-11-30,-0.0003,-0.002627,-0.020563,0.002854
1964-12-31,0.000335,-0.005801,-0.024741,0.003085
1965-01-31,0.035224,0.024133,0.001972,0.002804
1965-02-28,0.004554,0.03257,0.001456,0.003044
1965-03-31,-0.013222,0.020265,0.010513,0.003686
1965-04-30,0.031095,0.011646,0.006768,0.003155
1965-05-31,-0.007741,0.00026,-0.01571,0.003205
1965-06-30,-0.055078,-0.044172,0.004068,0.003526
1965-07-31,0.014298,0.010417,0.021552,0.003155
1965-08-31,0.027296,0.026497,-0.009101,0.003305
1965-09-30,0.028653,0.005794,-0.00116,0.003155
1965-10-31,0.026018,0.033352,0.014955,0.003155
1965-11-30,-0.00016,0.052085,0.001859,0.003405
1965-12-31,0.010031,0.026095,0.019567,0.003305
1966-01-31,0.007187,0.048016,0.030986,0.003787
1966-02-28,-0.012218,0.049695,0.003547,0.003426
1966-03-31,-0.024983,0.002353,-0.021597,0.003917
1966-04-30,0.021022,0.033317,-0.002409,0.003405
1966-05-31,-0.056806,-0.05355,-0.016337,0.004208
1966-06-30,-0.014611,0.013681,0.00525,0.003747
1966-07-31,-0.016208,-0.005047,0.009707,0.003606
1966-08-31,-0.079324,-0.032526,0.005111,0.004148
1966-09-30,-0.010532,-0.011319,0.003845,0.003998
1966-10-31,0.038595,-0.062544,0.02774,0.00463
1966-11-30,0.014179,0.033376,-0.043519,0.004008
1966-12-31,0.00134,0.019304,-0.010959,0.003998
1967-01-31,0.081812,0.083662,0.020299,0.004208
1967-02-28,0.008057,0.030485,-0.021029,0.003616
1967-03-31,0.040114,0.018318,0.002722,0.003967
1967-04-30,0.038749,0.004151,-0.023518,0.003205
1967-05-31,-0.043781,0.025447,0.006053,0.003305
1967-06-30,0.024203,0.063973,0.008806,0.002643
1967-07-31,0.045946,0.033333,0.024924,0.003205
1967-08-31,-0.008932,0.007465,0.014866,0.003225
1967-09-30,0.030898,0.023778,-0.023194,0.003205
1967-10-31,-0.031137,0.005071,-0.034489,0.003967
1967-11-30,0.003698,-0.000733,-0.017334,0.003606
1967-12-31,0.030719,0.054708,-0.003368,0.003405
1968-01-31,-0.040391,0.047558,0.048856,0.003967
1968-02-29,-0.037593,-0.029932,0.01107,0.003807
1968-03-31,0.002004,-0.014577,-0.00719,0.003787
1968-04-30,0.090312,0.057405,-0.008754,0.004208
1968-05-31,0.022458,0.069107,0.008467,0.004409
1968-06-30,0.006566,-0.002778,0.006078,0.004259
1968-07-31,-0.027003,-0.013416,0.055267,0.004771
1968-08-31,0.013387,0.022803,0.009798,0.004148
1968-09-30,0.041156,0.026688,0.002626,0.004259
1968-10-31,0.004114,-0.004356,0.028757,0.004329
1968-11-30,0.054701,0.023007,-0.008506,0.004259
1968-12-31,-0.039342,0.037486,0.000558,0.004329
1969-01-31,-0.012637,-0.004758,0.017275,0.005293
1969-02-28,-0.058562,-0.04296,0.008973,0.00469
1969-03-31,0.026879,-0.004571,-0.003678,0.00461
1969-04-30,0.014489,-0.007507,0.000321,0.005263
1969-05-31,-0.000703,-0.00183,0.00447,0.004841
1969-06-30,-0.072485,-0.058508,-0.010915,0.005052
1969-07-31,-0.070123,-0.035437,0.013867,0.005263
1969-08-31,0.047172,0.005348,-0.036888,0.005052
1969-09-30,-0.0293,0.013647,-0.032787,0.006319
1969-10-31,0.050803,0.036855,-0.029528,0.005997
1969-11-30,-0.037944,-0.024268,-0.012679,0.005142
1969-12-31,-0.026484,-0.037116,-0.030967,0.006399
1970-01-31,-0.080482,0.033267,0.032837,0.006108
1970-02-28,0.051862,-0.022818,0.035825,0.006098
1970-03-31,-0.010517,-0.023975,0.044117,0.005685
1970-04-30,-0.109899,-0.069962,0.075201,0.005072
1970-05-31,-0.069348,-0.044908,0.031873,0.005263
1970-06-30,-0.05803,-0.022561,0.006196,0.005736
1970-07-31,0.069085,-0.006639,0.008217,0.005293
1970-08-31,0.045059,0.01464,0.009376,0.005263
1970-09-30,0.042178,0.082299,-0.050272,0.005263
1970-10-31,-0.022659,-0.045668,0.002977,0.00463
1970-11-30,0.046249,-0.038277,0.01484,0.00461
1970-12-31,0.057424,0.02798,0.008493,0.004188
1971-01-31,0.048419,0.072195,0.013047,0.003807
1971-02-28,0.014071,0.020295,-0.012779,0.003235
1971-03-31,0.041607,0.020327,-0.037557,0.002994
1971-04-30,0.031525,-0.00355,0.006762,0.002734
1971-05-31,-0.040067,-0.011962,-0.015118,0.003004
1971-06-30,-8.1e-05,-0.01488,-0.019943,0.003747
1971-07-31,-0.045325,-0.015439,0.001383,0.003998
1971-08-31,0.035067,-0.001327,0.02618,0.00463
1971-09-30,-0.008453,0.002372,-0.028921,0.003576
1971-10-31,-0.044109,-0.017406,-0.004714,0.003576
1971-11-30,-0.004658,-0.029115,-0.016606,0.003787
1971-12-31,0.087222,0.030553,-0.004847,0.003747
1972-01-31,0.024904,0.061997,0.019004,0.002944
1972-02-29,0.028841,0.009408,-0.026348,0.002403
1972-03-31,0.006245,-0.005161,-0.017021,0.002643
1972-04-30,0.002611,0.001961,0.001866,0.002804
1972-05-31,0.012609,-0.031106,-0.026809,0.003085
1972-06-30,-0.024247,-0.003321,-0.025903,0.002864
1972-07-31,-0.007982,-0.028243,0.008353,0.003205
1972-08-31,0.032833,-0.033785,0.047157,0.002764
1972-09-30,-0.011115,-0.022669,0.004439,0.003405
1972-10-31,0.005023,-0.025539,0.012898,0.003967
1972-11-30,0.045546,-0.005356,0.047551,0.003807
1972-12-31,0.006908,-0.017899,-0.022698,0.003807
1973-01-31,-0.032785,-0.028971,0.02812,0.004419
1973-02-28,-0.048323,-0.042258,0.018749,0.004188
1973-03-31,-0.013212,-0.022954,0.027201,0.00463
1973-04-30,-0.056791,-0.031903,0.061755,0.005213
1973-05-31,-0.029547,-0.061852,0.001723,0.005072
1973-06-30,-0.015448,-0.025976,0.01376,0.005052
1973-07-31,0.050232,0.068273,-0.047948,0.006319
1973-08-31,-0.038241,-0.017906,0.011162,0.006923
1973-09-30,0.047674,0.03366,0.021455,0.006862
1973-10-31,-0.010654,-0.00254,0.01743,0.00646
1973-11-30,-0.127954,-0.082208,0.048771,0.005474
1973-12-31,0.006297,-0.045722,0.039636,0.006419
1974-01-31,-0.001599,0.102622,0.057783,0.006178
1974-02-28,-0.004435,0.001393,0.024773,0.005906
1974-03-31,-0.0284,0.026701,-0.001866,0.005474
1974-04-30,-0.052984,-0.006272,0.010604,0.007587
1974-05-31,-0.046509,-0.033567,-0.021652,0.007507
1974-06-30,-0.02845,-0.001342,0.006609,0.006017
1974-07-31,-0.080784,0.020185,0.054947,0.007064
1974-08-31,-0.093579,0.001797,0.026754,0.005957
1974-09-30,-0.117973,0.01339,0.060504,0.00803
1974-10-31,0.161584,-0.062535,-0.086644,0.005072
1974-11-30,-0.045238,-0.015127,-0.003091,0.005414
1974-12-31,-0.034406,-0.04536,-0.000352,0.006953
1975-01-31,0.1338,0.111209,0.071507,0.005736
1975-02-28,0.055765,-0.006892,-0.043064,0.004379
1975-03-31,0.026449,0.038232,0.023862,0.004208
1975-04-30,0.0423,-0.006393,-0.010721,0.004409
1975-05-31,0.051918,0.027846,-0.03691,0.004419
1975-06-30,0.048298,0.01218,0.012526,0.003998
1975-07-31,-0.065887,0.036268,0.018234,0.004851
1975-08-31,-0.028377,-0.028541,-0.008586,0.004841
1975-09-30,-0.04266,-0.00147,0.00254,0.005263
1975-10-31,0.053095,-0.040713,0.003038,0.005535
1975-11-30,0.02668,-0.010811,0.019249,0.004188
1975-12-31,-0.016326,-0.000201,0.018281,0.004851
1976-01-31,0.121937,0.056796,0.076298,0.00463
1976-02-29,0.003445,0.077864,0.055887,0.003426
1976-03-31,0.023121,-0.013405,-1.3e-05,0.003917
1976-04-30,-0.014826,0.001426,-0.000581,0.004208
1976-05-31,-0.013873,-0.011399,-0.012904,0.003807
1976-06-30,0.040557,-0.010892,0.006796,0.004409
1976-07-31,-0.010796,0.006067,0.016902,0.00463
1976-08-31,-0.005527,-0.021252,0.008117,0.004188
1976-09-30,0.020644,0.00154,-0.003625,0.004419
1976-10-31,-0.024332,0.000784,-0.001435,0.003998
1976-11-30,0.003837,0.026226,0.015661,0.004008
1976-12-31,0.056795,0.034181,0.02064,0.003967
1977-01-31,-0.040187,0.060919,0.04467,0.003576
1977-02-28,-0.019415,0.010908,0.005392,0.003426
1977-03-31,-0.013635,0.012602,0.009723,0.003686
1977-04-30,0.001478,0.005351,0.034323,0.003807
1977-05-31,-0.014594,0.012929,0.008313,0.003787
1977-06-30,0.047327,0.019708,-0.00512,0.003967
1977-07-31,-0.017167,0.0179,-0.007016,0.004188
1977-08-31,-0.017728,0.009277,-0.028282,0.004379
1977-09-30,-0.002898,0.016179,-0.002729,0.004419
1977-10-31,-0.043863,0.014118,0.016188,0.004841
1977-11-30,0.03992,0.033744,0.002349,0.005052
1977-12-31,0.002535,0.015862,-0.003746,0.004841
1978-01-31,-0.060428,0.0283,0.034476,0.004841
1978-02-28,-0.01412,0.037086,0.007601,0.00457
1978-03-31,0.028388,0.03562,0.011724,0.005293
1978-04-30,0.078861,-0.003286,-0.032574,0.005414
1978-05-31,0.017224,0.043684,-0.006265,0.005072
1978-06-30,-0.017062,0.016468,0.006162,0.005293
1978-07-31,0.051171,0.001927,-0.009493,0.005615
1978-08-31,0.037849,0.047521,-0.005556,0.005535
1978-09-30,-0.01464,-0.003803,0.018631,0.006218
1978-10-31,-0.119132,-0.112136,0.016528,0.006842
1978-11-30,0.026928,0.028452,-0.021613,0.006953
1978-12-31,0.008702,0.009541,-0.022014,0.007829
1979-01-31,0.041983,0.035825,0.021467,0.007728
1979-02-28,-0.035978,0.00545,0.01234,0.007245
1979-03-31,0.056824,0.029327,-0.006036,0.008172
1979-04-30,-0.000388,0.023625,0.010225,0.00803
1979-05-31,-0.021985,0.001294,0.012958,0.008172
1979-06-30,0.038136,0.008901,0.013935,0.00801
1979-07-31,0.007951,0.011792,0.015975,0.007587
1979-08-31,0.055335,0.018305,-0.01435,0.007618
1979-09-30,-0.008387,-0.002442,-0.008901,0.008202
1979-10-31,-0.081055,-0.036546,-0.020357,0.008777
1979-11-30,0.052584,0.022523,-0.030014,0.009917
1979-12-31,0.018207,0.042168,-0.018885,0.009442
1980-01-31,0.055172,0.017568,0.01669,0.00795
1980-02-29,-0.012297,-0.015976,0.006054,0.008837
1980-03-31,-0.129181,-0.07745,-0.012413,0.012038
1980-04-30,0.040007,0.009194,0.009408,0.012463
1980-05-31,0.052573,0.018904,0.00355,0.00801
1980-06-30,0.030461,0.013642,-0.008807,0.006108
1980-07-31,0.06464,0.0362,-0.057193,0.005293
1980-08-31,0.018057,0.041623,-0.024904,0.006319
1980-09-30,0.021885,0.005203,-0.047991,0.007587
1980-10-31,0.010425,0.021338,-0.029616,0.009473
1980-11-30,0.09626,-0.030909,-0.07393,0.009583
1980-12-31,-0.04449,-0.003677,0.026694,0.013061
1981-01-31,-0.050465,0.035481,0.070673,0.010341
1981-02-28,0.005797,-0.006241,0.00832,0.010694
1981-03-31,0.036069,0.027201,0.005184,0.01217
1981-04-30,-0.021792,0.048404,0.023449,0.010765
1981-05-31,0.001116,0.023305,-0.004393,0.011462
1981-06-30,-0.0245,-0.009683,0.053726,0.013506
1981-07-31,-0.015663,-0.019803,-0.006712,0.012393
1981-08-31,-0.070904,-0.019282,0.05153,0.012888
1981-09-30,-0.071878,-0.026959,0.052671,0.012463
1981-10-31,0.049073,0.020521,-0.039343,0.011948
1981-11-30,0.033786,-0.014273,0.017846,0.010654
1981-12-31,-0.036311,0.011688,0.007013,0.008837
1982-01-31,-0.032851,-0.012805,0.031251,0.00803
1982-02-28,-0.058688,0.003691,0.064966,0.00916
1982-03-31,-0.017846,-0.000507,0.035249,0.009705
1982-04-30,0.031958,0.010944,-0.030105,0.011189
1982-05-31,-0.039412,0.003612,0.018192,0.010654
1982-06-30,-0.031137,-0.004131,0.017671,0.009503
1982-07-31,-0.031508,0.009811,0.0012,0.010553
1982-08-31,0.112071,-0.041301,0.009653,0.007728
1982-09-30,0.012813,0.024109,0.001859,0.005052
1982-10-31,0.112667,0.01549,-0.032679,0.005896
1982-11-30,0.046716,0.041463,-0.019664,0.006319
1982-12-31,0.005995,-0.001755,-0.001643,0.006842
1983-01-31,0.03573,0.031388,-0.008055,0.006953
1983-02-28,0.025985,0.026945,0.00492,0.006098
1983-03-31,0.028611,0.013438,0.020201,0.006228
1983-04-30,0.066709,0.004481,0.004846,0.007225
1983-05-31,0.005431,0.061924,-0.012764,0.006953
1983-06-30,0.030511,0.010756,-0.037318,0.006621
1983-07-31,-0.04103,0.009369,0.05796,0.007426
1983-08-31,-0.005183,-0.043057,0.056581,0.007618
1983-09-30,0.009192,0.002188,0.010047,0.007587
1983-10-31,-0.034518,-0.039422,0.053604,0.007587
1983-11-30,0.021853,0.017874,-0.006348,0.006953
1983-12-31,-0.018249,-0.005003,0.01695,0.007164
1984-01-31,-0.020112,-0.000449,0.078443,0.007587
1984-02-29,-0.048168,-0.017309,0.035929,0.007225
1984-03-31,0.006332,-0.003314,0.004374,0.007285
1984-04-30,-0.005112,-0.01047,0.012488,0.008232
1984-05-31,-0.059768,0.000493,0.001767,0.007728
1984-06-30,0.017992,-0.000386,-0.025319,0.007587
1984-07-31,-0.027289,-0.023018,0.005235,0.008222
1984-08-31,0.10265,-0.003528,-0.017941,0.008313
1984-09-30,-0.008052,-0.000886,0.054474,0.008585
1984-10-31,-0.008516,-0.014304,0.005942,0.009937
1984-11-30,-0.017561,-0.01109,0.040504,0.007376
1984-12-31,0.018345,-0.006337,-6e-05,0.006419
1985-01-31,0.079854,0.031168,-0.049145,0.006399
1985-02-28,0.012142,0.008188,-0.004266,0.005715
1985-03-31,-0.008317,-0.015313,0.041466,0.006108
1985-04-30,-0.009604,-0.001263,0.038108,0.007164
1985-05-31,0.050904,-0.022326,-0.008767,0.006621
1985-06-30,0.012807,0.001288,0.003678,0.005615
1985-07-31,-0.007426,0.030575,-0.01623,0.006178
1985-08-31,-0.010145,-0.003869,0.023303,0.005514
1985-09-30,-0.045291,-0.018642,0.013719,0.006098
1985-10-31,0.040184,-0.015802,0.008313,0.00646
1985-11-30,0.064907,-0.000737,-0.027277,0.006017
1985-12-31,0.038772,-0.004622,-0.01451,0.00653
1986-01-31,0.006745,0.009135,0.005669,0.005514
1986-02-28,0.071367,-0.008079,-0.008731,0.005333
1986-03-31,0.048786,-0.006083,-0.004146,0.006017
1986-04-30,-0.013118,0.028523,-0.0287,0.005293
1986-05-31,0.046355,-0.013011,-0.001066,0.004841
1986-06-30,0.010291,-0.00902,0.013128,0.005263
1986-07-31,-0.064582,-0.037586,0.050707,0.005293
1986-08-31,0.060672,-0.041189,0.033717,0.00463
1986-09-30,-0.085781,0.020255,0.034868,0.004419
1986-10-31,0.046605,-0.022662,-0.01318,0.00461
1986-11-30,0.011785,-0.019261,-0.000254,0.003998
1986-12-31,-0.032884,0.000607,0.003246,0.004851
1987-01-31,0.124623,-0.014614,-0.028957,0.004208
1987-02-28,0.044185,0.032341,-0.056192,0.004379
1987-03-31,0.016082,0.00157,0.015824,0.00463
1987-04-30,-0.020947,-0.017089,-0.003666,0.004419
1987-05-31,0.001197,-0.006974,0.000384,0.003807
1987-06-30,0.038867,-0.022365,0.010195,0.004851
1987-07-31,0.038298,-0.010716,0.006665,0.00463
1987-08-31,0.035067,-0.009894,-0.009177,0.00463
1987-09-30,-0.026169,0.002665,0.0019,0.004419
1987-10-31,-0.232546,-0.118494,0.047737,0.005957
1987-11-30,-0.07764,0.028394,0.033064,0.003405
1987-12-31,0.068072,-0.001892,-0.042656,0.003967
1988-01-31,0.042256,-0.008896,0.04752,0.003004
1988-02-29,0.047955,0.031108,-0.015184,0.00461
1988-03-31,-0.022464,0.063247,0.007734,0.004379
1988-04-30,0.005791,0.009287,0.016098,0.00461
1988-05-31,-0.002766,-0.026512,0.024223,0.005052
1988-06-30,0.047611,0.01961,-0.01049,0.004851
1988-07-31,-0.012467,-0.002772,0.022811,0.005012
1988-08-31,-0.033165,-0.000432,0.020629,0.005997
1988-09-30,0.033129,-0.013088,-0.006641,0.006108
1988-10-31,0.011607,-0.029592,0.017267,0.006108
1988-11-30,-0.022591,-0.016905,0.012407,0.005685
1988-12-31,0.014911,0.018377,-0.016504,0.006319
1989-01-31,0.060934,-0.020697,0.004963,0.005474
1989-02-28,-0.022401,0.026704,0.008291,0.006098
1989-03-31,0.015523,0.006815,0.004178,0.006621
1989-04-30,0.043073,-0.006991,-0.013624,0.006822
1989-05-31,0.033432,-0.000995,-0.008212,0.00795
1989-06-30,-0.013654,-0.010964,0.021755,0.007064
1989-07-31,0.07186,-0.037627,-0.026022,0.007023
1989-08-31,0.014647,0.00372,0.007288,0.007386
1989-09-30,-0.007525,0.003992,-0.013256,0.006621
1989-10-31,-0.036559,-0.035929,-0.01225,0.006842
1989-11-30,0.009997,-0.013294,-0.011295,0.006953
1989-12-31,0.011652,-0.022854,0.002457,0.006017
1990-01-31,-0.078398,-0.015499,0.009745,0.005736
1990-02-28,0.011229,0.011124,0.005856,0.005715
1990-03-31,0.018089,0.015887,-0.028121,0.006399
1990-04-30,-0.033664,-0.004608,-0.026335,0.006822
1990-05-31,0.084699,-0.022831,-0.034403,0.006842
1990-06-30,-0.010918,0.013575,-0.019407,0.006319
1990-07-31,-0.019072,-0.033345,-0.000527,0.006742
1990-08-31,-0.10138,-0.041927,0.014655,0.00646
1990-09-30,-0.061322,-0.040306,0.007009,0.005906
1990-10-31,-0.019003,-0.05255,6e-05,0.006923
1990-11-30,0.063532,-0.001524,-0.029382,0.005685
1990-12-31,0.024589,0.00586,-0.014743,0.006017
1991-01-31,0.046987,0.036222,-0.017978,0.005072
1991-02-28,0.071934,0.036575,-0.004941,0.004761
1991-03-31,0.026453,0.036797,-0.012371,0.004409
1991-04-30,-0.002631,0.002209,0.014071,0.005293
1991-05-31,0.036652,0.001122,-0.00548,0.00463
1991-06-30,-0.049518,0.001454,0.013034,0.004208
1991-07-31,0.042428,-0.009732,-0.012383,0.004851
1991-08-31,0.023475,0.014169,-0.007253,0.00463
1991-09-30,-0.01568,0.015041,-0.010685,0.00461
1991-10-31,0.01273,0.009059,-0.003969,0.004148
1991-11-30,-0.042215,-0.008919,-0.02055,0.004008
1991-12-31,0.108888,-0.022093,-0.035773,0.003787
1992-01-31,-0.005829,0.09277,0.044122,0.003305
1992-02-29,0.010773,0.012939,0.063166,0.002854
1992-03-31,-0.026663,-0.008943,0.037176,0.003305
1992-04-30,0.010762,-0.05648,0.043687,0.003155
1992-05-31,0.003044,0.002072,0.011903,0.002804
1992-06-30,-0.023465,-0.02771,0.036202,0.003305
1992-07-31,0.037812,-0.005891,-0.005524,0.003085
1992-08-31,-0.02395,-0.004137,-0.01057,0.002523
1992-09-30,0.011605,0.00441,-0.002226,0.002523
1992-10-31,0.010175,0.019789,-0.020703,0.002202
1992-11-30,0.041196,0.037278,-0.014035,0.002403
1992-12-31,0.015595,0.016019,0.024314,0.002864
1993-01-31,0.009303,0.021207,0.058646,0.002403
1993-02-28,0.001144,-0.033861,0.065732,0.002282
1993-03-31,0.023138,-0.000214,0.011622,0.002533
1993-04-30,-0.030289,-0.008967,0.02726,0.002313
1993-05-31,0.02882,0.017895,-0.03295,0.002202
1993-06-30,0.003145,0.000965,0.026241,0.002643
1993-07-31,-0.00361,0.008586,0.032373,0.002313
1993-08-31,0.037452,0.002152,-0.004301,0.002423
1993-09-30,-0.001441,0.030695,-0.004711,0.002523
1993-10-31,0.014201,0.016002,-0.015029,0.002313
1993-11-30,-0.018825,-0.014629,-0.002797,0.002523
1993-12-31,0.016358,0.013191,0.005066,0.002202
1994-01-31,0.028811,-0.001583,0.020457,0.002523
1994-02-28,-0.025397,0.027136,-0.01512,0.002092
1994-03-31,-0.047922,-0.010722,0.013921,0.002764
1994-04-30,0.006819,-0.010306,0.016305,0.002663
1994-05-31,0.006586,-0.024127,0.000837,0.003155
1994-06-30,-0.030398,-0.005931,0.01786,0.003085
1994-07-31,0.028102,-0.017777,0.006687,0.002804
1994-08-31,0.040012,0.012573,-0.026721,0.003686
1994-09-30,-0.023034,0.026829,-0.019748,0.003576
1994-10-31,0.013364,-0.02276,-0.017515,0.003787
1994-11-30,-0.040199,0.000777,-0.009661,0.003787
1994-12-31,0.008647,-0.000367,0.004965,0.004419
1995-01-31,0.017885,-0.027422,0.008939,0.004208
1995-02-28,0.035939,-0.004751,0.009895,0.003998
1995-03-31,0.021933,-0.007256,-0.010744,0.00461
1995-04-30,0.021108,-0.003572,0.022166,0.004379
1995-05-31,0.028977,-0.020778,0.016864,0.005293
1995-06-30,0.026975,0.028218,-0.021671,0.00463
1995-07-31,0.037195,0.019964,-0.016232,0.00461
1995-08-31,0.005541,0.017928,0.026574,0.00461
1995-09-30,0.033495,-0.018187,-0.007427,0.004409
1995-10-31,-0.014972,-0.040767,-0.007964,0.00463
1995-11-30,0.039455,-0.011262,0.008505,0.004208
1995-12-31,0.010084,0.006097,0.008118,0.004811
1996-01-31,0.02271,-0.025581,0.002187,0.004188
1996-02-29,0.013278,0.017179,-0.014102,0.004008
1996-03-31,0.007241,0.014701,0.01011,0.003998
1996-04-30,0.02087,0.045128,-0.03729,0.00463
1996-05-31,0.023595,0.030786,-0.012228,0.004188
1996-06-30,-0.011718,-0.034645,0.015811,0.004008
1996-07-31,-0.059635,-0.038754,0.046999,0.004409
1996-08-31,0.027889,0.024633,-0.004827,0.004188
1996-09-30,0.050017,-0.012997,-0.029856,0.004409
1996-10-31,0.008932,-0.038334,0.051827,0.004148
1996-11-30,0.062522,-0.035782,0.011049,0.004008
1996-12-31,-0.016747,0.031458,0.008518,0.00463
1997-01-31,0.049977,-0.017954,-0.016104,0.004409
1997-02-28,-0.004995,-0.025895,0.053395,0.003807
1997-03-31,-0.050522,-0.006152,0.040456,0.004208
1997-04-30,0.040464,-0.05653,3e-06,0.004409
1997-05-31,0.067208,0.042969,-0.035411,0.004841
1997-06-30,0.040781,0.011118,0.011201,0.003787
1997-07-31,0.073277,-0.026924,0.007068,0.004188
1997-08-31,-0.041363,0.078141,0.014174,0.004208
1997-09-30,0.05355,0.022763,-0.000226,0.004419
1997-10-31,-0.038273,-0.007025,0.017055,0.004148
1997-11-30,0.029592,-0.049064,0.008332,0.003998
1997-12-31,0.013415,-0.020114,0.033163,0.004851
1998-01-31,0.001581,-0.014634,-0.014278,0.004208
1998-02-28,0.07038,-0.001117,-0.001398,0.003998
1998-03-31,0.047491,-0.006075,0.008902,0.003967
1998-04-30,0.007164,0.000134,0.005925,0.004208
1998-05-31,-0.030748,-0.032028,0.043509,0.004008
1998-06-30,0.032238,-0.035447,-0.023042,0.004188
1998-07-31,-0.02456,-0.054945,-0.010525,0.003967
1998-08-31,-0.161291,-0.059258,0.040505,0.004208
1998-09-30,0.062145,-0.011732,-0.03339,0.00463
1998-10-31,0.071086,-0.031585,-0.025219,0.003305
1998-11-30,0.060609,0.005003,-0.029085,0.003004
1998-12-31,0.061308,-0.014878,-0.042926,0.003747
1999-01-31,0.034877,-0.008465,-0.03944,0.003616
1999-02-28,-0.040933,-0.053266,0.013478,0.003616
1999-03-31,0.034817,-0.042774,-0.026759,0.004148
1999-04-30,0.043438,0.043998,0.019754,0.003787
1999-05-31,-0.024275,0.036016,0.024834,0.003405
1999-06-30,0.048712,0.02241,-0.039379,0.003967
1999-07-31,-0.035395,0.026232,-0.008864,0.003787
1999-08-31,-0.012585,-0.021064,-0.013434,0.003967
1999-09-30,-0.027858,0.026249,-0.035601,0.003787
1999-10-31,0.061367,-0.06966,-0.028186,0.003787
1999-11-30,0.034501,0.056703,-0.059323,0.003576
1999-12-31,0.077351,0.049905,-0.076354,0.004409
2000-01-31,-0.047275,0.041417,-0.006466,0.004208
2000-02-29,0.025435,0.180007,-0.086081,0.004409
2000-03-31,0.048878,-0.138923,0.072761,0.00461
2000-04-30,-0.064011,-0.055286,0.087928,0.00457
2000-05-31,-0.0438,-0.039224,0.023555,0.005072
2000-06-30,0.047064,0.10362,-0.091092,0.003967
2000-07-31,-0.025948,-0.010763,0.082019,0.004811
2000-08-31,0.071089,-0.01042,-0.006994,0.005072
2000-09-30,-0.054607,0.001775,0.063797,0.005012
2000-10-31,-0.028024,-0.030278,0.054314,0.005514
2000-11-30,-0.107904,-0.004945,0.124142,0.005052
2000-12-31,0.01199,0.030734,0.067261,0.005012
2001-01-31,0.033767,0.053831,-0.05049,0.005474
2001-02-28,-0.100961,0.029496,0.142244,0.003807
2001-03-31,-0.072916,0.023038,0.065712,0.004188
2001-04-30,0.079786,-0.008023,-0.049182,0.004008
2001-05-31,0.006752,0.034291,0.029489,0.003305
2001-06-30,-0.019595,0.068107,-0.011938,0.002734
2001-07-31,-0.020753,-0.030914,0.058229,0.002944
2001-08-31,-0.064269,0.028434,0.025439,0.002994
2001-09-30,-0.092529,-0.061577,0.01954,0.002703
2001-10-31,0.024587,0.053432,-0.07669,0.002303
2001-11-30,0.075475,-0.003946,0.01758,0.001681
2001-12-31,0.016122,0.050135,0.01011,0.001401
2002-01-31,-0.014533,0.011776,0.033538,0.001471
2002-02-28,-0.022915,-0.005828,0.026572,0.001331
2002-03-31,0.042676,0.040461,0.010271,0.001401
2002-04-30,-0.05218,0.06955,0.039958,0.001541
2002-05-31,-0.013804,-0.032041,0.01548,0.001541
2002-06-30,-0.072579,0.039076,0.000924,0.001201
2002-07-31,-0.081632,-0.070937,-0.037578,0.001541
2002-08-31,0.00505,-0.01483,0.022703,0.001321
2002-09-30,-0.103561,0.03319,0.013345,0.001401
2002-10-31,0.078186,-0.041154,-0.050336,0.001381
2002-11-30,0.059272,0.027094,-0.010241,0.001201
2002-12-31,-0.057418,0.004632,0.023231,0.001051
2003-01-31,-0.025842,0.006852,-0.010504,0.001051
2003-02-28,-0.018804,-0.009775,-0.014449,0.00095
2003-03-31,0.011108,0.003747,-0.020417,0.001051
2003-04-30,0.082057,0.008822,0.00932,0.001051
2003-05-31,0.060229,0.044701,-0.002475,0.00084
2003-06-30,0.014314,0.016543,0.006056,0.001051
2003-07-31,0.023393,0.045102,-0.012748,0.00066
2003-08-31,0.023586,0.024668,0.019608,0.00063
2003-09-30,-0.012597,0.004976,-0.000237,0.00084
2003-10-31,0.060563,0.025421,0.016583,0.00069
2003-11-30,0.013692,0.022309,0.018392,0.00076
2003-12-31,0.042737,-0.025436,0.023108,0.00088
2004-01-31,0.021592,0.024566,0.018621,0.0006
2004-02-29,0.014051,-0.008852,0.004837,0.00057
2004-03-31,-0.013271,0.022136,0.00223,0.00092
2004-04-30,-0.018398,-0.022096,-0.026515,0.00084
2004-05-31,0.012,-0.003492,-0.003776,0.0006
2004-06-30,0.018574,0.025451,0.013342,0.00084
2004-07-31,-0.040765,-0.030586,0.042904,0.001051
2004-08-31,0.000508,-0.012046,0.010172,0.001101
2004-09-30,0.015974,0.03259,-0.003132,0.001051
2004-10-31,0.014197,0.002445,-0.006798,0.001051
2004-11-30,0.045661,0.039401,0.017378,0.001471
2004-12-31,0.034464,0.000297,-0.001007,0.001541
2005-01-31,-0.027724,-0.010319,0.020639,0.001601
2005-02-28,0.018762,-0.002726,0.014824,0.001711
2005-03-31,-0.019543,-0.014603,0.016847,0.002202
2005-04-30,-0.026218,-0.040768,-0.003561,0.002102
2005-05-31,0.036682,0.02648,-0.007767,0.002313
2005-06-30,0.005649,0.03267,0.025736,0.002202
2005-07-31,0.039501,0.027689,-0.005148,0.002403
2005-08-31,-0.012327,-0.008655,0.013054,0.002994
2005-09-30,0.004589,-0.002805,0.007271,0.002944
2005-10-31,-0.020525,-0.013783,0.002443,0.002734
2005-11-30,0.036143,0.007506,-0.011585,0.003155
2005-12-31,-0.002439,-0.002629,0.004278,0.003155
2006-01-31,0.030482,0.05609,0.010817,0.003405
2006-02-28,-0.002842,-0.004267,-0.00235,0.003426
2006-03-31,0.014565,0.034351,0.005885,0.003686
2006-04-30,0.007162,-0.007611,0.025461,0.003616
2006-05-31,-0.035636,-0.030304,0.027496,0.004409
2006-06-30,-0.003834,-0.00087,0.008189,0.003967
2006-07-31,-0.007679,-0.035644,0.030021,0.004008
2006-08-31,0.020487,0.004603,-0.016828,0.004148
2006-09-30,0.018543,-0.013538,0.000246,0.004008
2006-10-31,0.032361,0.018608,-0.000161,0.003967
2006-11-30,0.016962,0.008314,0.000555,0.004208
2006-12-31,0.00868,-0.007823,0.03111,0.004008
2007-01-31,0.014311,0.000907,-0.001258,0.004409
2007-02-28,-0.019715,0.014611,-0.000941,0.003807
2007-03-31,0.006847,0.000689,-0.00232,0.004188
2007-04-30,0.034745,-0.019317,-0.011076,0.004409
2007-05-31,0.03246,0.002795,-0.000441,0.003967
2007-06-30,-0.019586,0.007755,-0.011359,0.003998
2007-07-31,-0.037507,-0.029733,-0.034558,0.003998
2007-08-31,0.009359,-0.002983,-0.021773,0.004148
2007-09-30,0.032303,-0.023077,-0.01771,0.003235
2007-10-31,0.018062,0.000611,-0.025079,0.003225
2007-11-30,-0.047837,-0.028789,-0.012787,0.003365
2007-12-31,-0.008665,0.002728,-0.005139,0.002804
2008-01-31,-0.063533,-0.005265,0.039533,0.002102
2008-02-29,-0.030849,-0.004509,-0.00984,0.001401
2008-03-31,-0.009267,0.008156,-0.001882,0.001802
2008-04-30,0.045948,-0.011405,-0.008857,0.001761
2008-05-31,0.018747,0.03193,-0.013748,0.001681
2008-06-30,-0.084489,0.012495,-0.026835,0.001681
2008-07-31,-0.007117,0.037253,0.063301,0.001541
2008-08-31,0.015322,0.032981,0.016155,0.001261
2008-09-30,-0.093582,-0.000927,0.081143,0.001471
2008-10-31,-0.171937,-0.041051,-0.032015,0.00092
2008-11-30,-0.07729,-0.044074,-0.060964,0.00019
2008-12-31,0.017857,0.037464,0.006487,0.0
2009-01-31,-0.082473,-0.020754,-0.113853,0.0
2009-02-28,-0.101128,-0.01235,-0.075277,0.00019
2009-03-31,0.089688,0.008088,0.04732,0.00022
2009-04-30,0.101804,0.063208,0.055882,0.00021
2009-05-31,0.05212,-0.021419,0.001299,0.0
2009-06-30,0.00421,0.023234,-0.026033,0.0
2009-07-31,0.07738,0.022865,0.050939,0.00022
2009-08-31,0.033404,7.6e-05,0.077989,0.00021
2009-09-30,0.040726,0.026985,0.010305,0.0
2009-10-31,-0.025597,-0.047196,-0.041674,0.0
2009-11-30,0.055547,-0.026559,-0.000408,0.0
2009-12-31,0.027584,0.060163,0.00096,0.0
2010-01-31,-0.03379,0.002586,0.003869,0.0
2010-02-28,0.03419,0.013885,0.031567,0.0
2010-03-31,0.062818,0.01702,0.020213,0.0
2010-04-30,0.020077,0.050332,0.027887,0.00021
2010-05-31,-0.078985,0.002595,-0.022642,0.0002
2010-06-30,-0.05587,-0.024989,-0.045398,0.00022
2010-07-31,0.069182,0.001614,-0.001601,0.00021
2010-08-31,-0.047887,-0.031313,-0.020508,0.00022
2010-09-30,0.095347,0.03495,-0.02722,0.00021
2010-10-31,0.038867,0.008407,-0.025764,0.00021
2010-11-30,0.006027,0.035687,-0.008168,0.00021
2010-12-31,0.068122,0.008497,0.036376,0.00022
2011-01-31,0.019901,-0.023065,0.008385,0.0
2011-02-28,0.034979,0.01683,0.009939,0.00019
2011-03-31,0.004639,0.026916,-0.014896,0.0
2011-04-30,0.029164,-0.004916,-0.024386,0.0
2011-05-31,-0.012558,-0.006244,-0.02145,0.0
2011-06-30,-0.017457,0.002356,-0.002846,0.0
2011-07-31,-0.023529,-0.013268,-0.012561,0.0
2011-08-31,-0.059974,-0.029171,-0.025329,0.0
2011-09-30,-0.075875,-0.038669,-0.012949,0.0
2011-10-31,0.113669,0.034923,-0.000858,0.0
2011-11-30,-0.003229,-0.000689,-0.002576,0.0
2011-12-31,0.007401,-0.003335,0.017825,0.0
2012-01-31,0.050696,0.020363,-0.010318,0.0
2012-02-29,0.043953,-0.015313,0.000886,0.0
2012-03-31,0.031231,-0.00407,0.008612,0.0
2012-04-30,-0.008569,-0.005264,-0.004801,0.0
2012-05-31,-0.06228,-0.001087,-0.006607,0.0
2012-06-30,0.039107,0.0097,0.004187,0.0
2012-07-31,0.007828,-0.026272,-0.002532,0.0
2012-08-31,0.025522,0.004605,0.012689,0.0
2012-09-30,0.02723,0.006307,0.015274,0.0
2012-10-31,-0.017306,-0.008114,0.039111,0.0
2012-11-30,0.007754,0.003709,-0.009515,0.0
2012-12-31,0.011781,0.019047,0.035997,0.0002
2013-01-31,0.055845,0.00498,0.009361,0.0
2013-02-28,0.012727,-0.003647,0.000806,0.0
2013-03-31,0.040135,0.007756,-0.002669,0.0
2013-04-30,0.01548,-0.022145,0.006266,0.0
2013-05-31,0.028232,0.020345,0.025706,0.0
2013-06-30,-0.012028,0.013773,-0.001622,0.0
2013-07-31,0.056141,0.016833,0.005473,0.0
2013-08-31,-0.026984,5.7e-05,-0.028379,0.0
2013-09-30,0.037797,0.02543,-0.011442,0.0
2013-10-31,0.041671,-0.014418,0.011175,0.0
2013-11-30,0.031197,0.012865,0.002115,0.0
2013-12-31,0.028334,-0.005228,-0.003048,0.0
2014-01-31,-0.033268,0.006204,-0.021399,0.0
2014-02-28,0.046348,0.001787,-0.004411,0.0
2014-03-31,0.004216,-0.011433,0.051967,0.0
2014-04-30,-0.002443,-0.040825,0.0114,0.0
2014-05-31,0.02067,-0.018209,-0.003144,0.0
2014-06-30,0.026376,0.030418,-0.00694,0.0
2014-07-31,-0.020415,-0.042722,-0.000593,0.0
2014-08-31,0.042402,0.002748,-0.005758,0.0
2014-09-30,-0.019302,-0.037415,-0.014403,0.0
2014-10-31,0.025285,0.036237,-0.015184,0.0
2014-11-30,0.025636,-0.02225,-0.029532,0.0
2014-12-31,-0.000634,0.028804,0.02003,0.0
2015-01-31,-0.030577,-0.008852,-0.035271,0.0
2015-02-28,0.061292,0.001931,-0.016964,0.0
2015-03-31,-0.01132,0.030749,-0.005043,0.0
2015-04-30,0.006007,-0.029956,0.018545,0.0
2015-05-31,0.013387,0.007322,-0.013474,0.0
2015-06-30,-0.015129,0.029184,-0.007961,0.0
2015-07-31,0.015629,-0.044985,-0.041782,0.0
2015-08-31,-0.060481,0.003053,0.027902,0.0
2015-09-30,-0.031007,-0.029332,0.004828,0.0
2015-10-31,0.077479,-0.019736,-0.001163,0.0
2015-11-30,0.005765,0.033299,-0.004828,0.0
2015-12-31,-0.021651,-0.030668,-0.02622,0.0
2016-01-31,-0.057832,-0.035862,0.023651,0.0
2016-02-29,-0.000805,0.009355,-0.005824,0.0002
2016-03-31,0.06951,0.010407,0.010769,0.00022
2016-04-30,0.00919,0.012089,0.032592,0.0
2016-05-31,0.017925,-0.006662,-0.018244,0.00021
2016-06-30,-0.000411,0.005288,-0.014227,0.00022
2016-07-31,0.039487,0.025579,-0.010008,0.0002
2016-08-31,0.004946,0.01739,0.033119,0.00023
2016-09-30,0.00233,0.017724,-0.014641,0.00021
2016-10-31,-0.020403,-0.041021,0.044572,0.00021
2016-11-30,0.048715,0.065085,0.079091,0.00021
2016-12-31,0.018077,0.004268,0.035596,0.00021
2017-01-31,0.01968,-0.012517,-0.02691,0.0004
2017-02-28,0.035796,-0.020836,-0.016903,0.00038
2017-03-31,0.001653,0.008341,-0.03081,0.00023
2017-04-30,0.010828,0.004987,-0.017713,0.00057
2017-05-31,0.010667,-0.029691,-0.03814,0.00066
2017-06-30,0.008166,0.024746,0.012884,0.00066
2017-07-31,0.018852,-0.015526,-0.002844,0.0008
2017-08-31,0.001794,-0.018232,-0.022612,0.00092
2017-09-30,0.025183,0.047424,0.029617,0.001
2017-10-31,0.022741,-0.019064,-0.000933,0.00088
2017-11-30,0.031303,-0.004071,-0.000265,0.00084
2017-12-31,0.010624,-0.010047,0.001314,0.0008
2018-01-31,0.055761,-0.030219,-0.012997,0.001051
2018-02-28,-0.036385,0.002719,-0.01243,0.001141
2018-03-31,-0.023574,0.035944,-0.001126,0.001261
2018-04-30,0.00271,0.009034,0.004728,0.001471
2018-05-31,0.026446,0.045905,-0.029756,0.001321
2018-06-30,0.004671,0.008531,-0.023731,0.001261
2018-07-31,0.032123,-0.018813,0.00313,0.001681
2018-08-31,0.034473,0.006055,-0.039064,0.001611
2018-09-30,0.000872,-0.02527,-0.013372,0.001521
2018-10-31,-0.076802,-0.047742,0.036821,0.001842
2018-11-30,0.017023,-0.008539,0.000666,0.001681
2018-12-31,-0.095454,-0.033361,-0.017762,0.001902
2019-01-31,0.084125,0.028123,-0.006362,0.002102
2019-02-28,0.033939,0.017452,-0.02677,0.001902
2019-03-31,0.010827,-0.034581,-0.040807,0.001892
2019-04-30,0.03952,-0.010671,0.018388,0.002102
2019-05-31,-0.069389,-0.015118,-0.025986,0.001982
2019-06-30,0.069416,0.003794,-0.010648,0.001802
2019-07-31,0.012282,-0.019061,0.001434,0.001982
2019-08-31,-0.025613,-0.033551,-0.050879,0.001541
2019-09-30,0.014256,0.003144,0.067816,0.001802
2019-10-31,0.020645,0.002061,-0.020106,0.001611
2019-11-30,0.038796,0.004331,-0.018279,0.001201
2019-12-31,0.027868,0.00944,0.018155,0.001471
2020-01-31,-0.000964,-0.044207,-0.06229,0.001261
2020-02-29,-0.081206,-0.000793,-0.043154,0.001141
2020-03-31,-0.133956,-0.094331,-0.149005,0.001321
2020-04-30,0.136086,0.02885,-0.008347,0.0
